Set_Number,Start_Code_Point,End_Code_Point,Script_Name,Author,Status,Description,Flags
1,U+EE00,U+EE0F,Franklin Phonetic Alphabet,Benjamin Franklin,Provisional Lease / Pending Upstream Ratification,"Provisional RNUR Lease: Upstream Vacuum. Awaiting UCSUR/SPUCE ratification. Subject to Set 2 Eviction if upstream collision occurs.",NONE
1,U+EE10,U+EE5F,Loopiform,Filipe Dos Reis,Provisional Lease / Pending Upstream Ratification,"Provisional RNUR Lease: Upstream Vacuum. Awaiting UCSUR/SPUCE ratification. Subject to Set 2 Eviction if upstream collision occurs.",NONE
1,U+EE60,U+EE8F,PROVISIONAL_RNUR_OPEN_SLOT,NONE,Provisional Allocation / Open for Submission,"??? Territory: Staked via provisional RNUR ownership under an active upstream vacuum. Defensive zoning macro-allocation complete, awaiting script engineering specifications. Subject to absolute Upstream Authority hierarchy, the Eviction Clause, and automatic clean Set 2 relocation routing to eliminate runtime font rendering script pollution if conflicting native allocations emerge upstream.",NONE
1,U+EE90,U+EEDF,Sulat Hiligaynon,Julius Dalum,Provisional Lease / Pending Upstream Ratification,"Provisional RNUR Lease: Upstream Vacuum. Awaiting UCSUR/SPUCE ratification. Subject to Set 2 Eviction if upstream collision occurs.",NONE
1,U+EEE0,U+EF2F,Western Script,Julius Dalum,Provisional Lease / Pending Upstream Ratification,"Provisional RNUR Lease: Upstream Vacuum. Awaiting UCSUR/SPUCE ratification. Subject to Set 2 Eviction if upstream collision occurs.",NONE
1,U+EF30,U+EF6F,Zurjon,u/Willing_Squirrel_741,Provisional Lease / Pending Upstream Ratification,"Provisional RNUR Lease: Upstream Vacuum. Awaiting UCSUR/SPUCE ratification. Subject to Set 2 Eviction if upstream collision occurs.",NONE
1,U+EF70,U+EFAF,Foldian,u/Willing_Squirrel_741,Provisional Lease / Pending Upstream Ratification,"Provisional RNUR Lease: Upstream Vacuum. Awaiting UCSUR/SPUCE ratification. Subject to Set 2 Eviction if upstream collision occurs.",NONE
1,U+F9000,U+F9FFF,OPEN_SLOT,NONE,Permanent Allocation / Open for Submission,"RNUR Embassy Space in SPUCE (Shared Private Use Character Encoding): Permanently reserved for RNUR by SPUCE. Fixed Tier A slot, open for submission.",NONE
1,U+FB000,U+FBFFF,OPEN_SLOT,NONE,Permanent Allocation / Open for Submission,"RNUR Embassy Space in SPUCE (Shared Private Use Character Encoding): Permanently reserved for RNUR by SPUCE. Fixed Tier A slot, open for submission.",NONE
1,U+EFB0,U+EFFF,PROVISIONAL_RNUR_OPEN_SLOT,NONE,Provisional Allocation / Open for Submission,"??? Territory: Staked via provisional RNUR ownership under an active upstream vacuum. Defensive zoning macro-allocation complete, awaiting script engineering specifications. Subject to absolute Upstream Authority hierarchy, the Eviction Clause, and automatic clean Set 2 relocation routing to eliminate runtime font rendering script pollution if conflicting native allocations emerge upstream.",NONE
1,U+F5C0,U+F71F,Placeholder,NONE,Provisional Lease / Pending Upstream Ratification,"Provisional RNUR Lease: Upstream Vacuum. Awaiting UCSUR/SPUCE ratification. Subject to Set 2 Eviction if upstream collision occurs. An English cipher script, not a structural placeholder.",NONE
1,U+F720,U+F7FF,PROVISIONAL_RNUR_OPEN_SLOT,NONE,Provisional Allocation / Open for Submission,"??? Territory: Staked via provisional RNUR ownership under an active upstream vacuum. Defensive zoning macro-allocation complete, awaiting script engineering specifications. Subject to absolute Upstream Authority hierarchy, the Eviction Clause, and automatic clean Set 2 relocation routing to eliminate runtime font rendering script pollution if conflicting native allocations emerge upstream.",NONE
1,U+F820,U+F87F,PROVISIONAL_RNUR_OPEN_SLOT,NONE,Provisional Allocation / Open for Submission,"??? Territory: Staked via provisional RNUR ownership under an active upstream vacuum. Defensive zoning macro-allocation complete, awaiting script engineering specifications. Subject to absolute Upstream Authority hierarchy, the Eviction Clause, and automatic clean Set 2 relocation routing to eliminate runtime font rendering script pollution if conflicting native allocations emerge upstream.",NONE
1,U+F1D00,U+F1EFF,PROVISIONAL_RNUR_OPEN_SLOT,NONE,Provisional Allocation / Open for Submission,"??? Territory: Staked via provisional RNUR ownership under an active upstream vacuum. Defensive zoning macro-allocation complete, awaiting script engineering specifications. Subject to absolute Upstream Authority hierarchy, the Eviction Clause, and automatic clean Set 2 relocation routing to eliminate runtime font rendering script pollution if conflicting native allocations emerge upstream.",NONE
1,U+F26B0,U+F26FF,PROVISIONAL_RNUR_OPEN_SLOT,NONE,Provisional Allocation / Open for Submission,"??? Territory: Staked via provisional RNUR ownership under an active upstream vacuum. Defensive zoning macro-allocation complete, awaiting script engineering specifications. Subject to absolute Upstream Authority hierarchy, the Eviction Clause, and automatic clean Set 2 relocation routing to eliminate runtime font rendering script pollution if conflicting native allocations emerge upstream.",NONE
1,U+F28E0,U+F28FF,PROVISIONAL_RNUR_OPEN_SLOT,NONE,Provisional Allocation / Open for Submission,"??? Territory: Staked via provisional RNUR ownership under an active upstream vacuum. Defensive zoning macro-allocation complete, awaiting script engineering specifications. Subject to absolute Upstream Authority hierarchy, the Eviction Clause, and automatic clean Set 2 relocation routing to eliminate runtime font rendering script pollution if conflicting native allocations emerge upstream.",NONE
1,U+F2960,U+F29FF,PROVISIONAL_RNUR_OPEN_SLOT,NONE,Provisional Allocation / Open for Submission,"??? Territory: Staked via provisional RNUR ownership under an active upstream vacuum. Defensive zoning macro-allocation complete, awaiting script engineering specifications. Subject to absolute Upstream Authority hierarchy, the Eviction Clause, and automatic clean Set 2 relocation routing to eliminate runtime font rendering script pollution if conflicting native allocations emerge upstream.",NONE
1,U+F3400,U+F4DFF,PROVISIONAL_RNUR_OPEN_SLOT,NONE,Provisional Allocation / Open for Submission,"??? Territory: Staked via provisional RNUR ownership under an active upstream vacuum. Defensive zoning macro-allocation complete, awaiting script engineering specifications. Subject to absolute Upstream Authority hierarchy, the Eviction Clause, and automatic clean Set 2 relocation routing to eliminate runtime font rendering script pollution if conflicting native allocations emerge upstream.",NONE
1,U+F50F0,U+F510F,Enochian,SPUCE,SPUCE Allocation,"SPUCE-2 Allocation: Enochian script. Mapped within Plane 15 (SPUA-A) under the Shared Private Use Character Encoding.",SPUCE
1,U+F5110,U+F512F,Litterae Ignotae,SPUCE,SPUCE Allocation,"SPUCE-2 Allocation: Litterae Ignotae script. Mapped within Plane 15 (SPUA-A) under the Shared Private Use Character Encoding.",SPUCE
1,U+F5130,U+F514F,Theban,SPUCE,SPUCE Allocation,"SPUCE-2 Allocation: Theban script. Mapped within Plane 15 (SPUA-A) under the Shared Private Use Character Encoding.",SPUCE
1,U+F5150,U+F7FFF,PROVISIONAL_RNUR_OPEN_SLOT,NONE,Provisional Allocation / Open for Submission,"??? Territory: Staked via provisional RNUR ownership under an active upstream vacuum. Defensive zoning macro-allocation complete, awaiting script engineering specifications. Subject to absolute Upstream Authority hierarchy, the Eviction Clause, and automatic clean Set 2 relocation routing to eliminate runtime font rendering script pollution if conflicting native allocations emerge upstream.",NONE
1,U+F81B0,U+F8FFF,PROVISIONAL_RNUR_OPEN_SLOT,NONE,Provisional Allocation / Open for Submission,"??? Territory: Staked via provisional RNUR ownership under an active upstream vacuum. Defensive zoning macro-allocation complete, awaiting script engineering specifications. Subject to absolute Upstream Authority hierarchy, the Eviction Clause, and automatic clean Set 2 relocation routing to eliminate runtime font rendering script pollution if conflicting native allocations emerge upstream.",NONE
1,U+FA000,U+FAFFF,PROVISIONAL_RNUR_OPEN_SLOT,NONE,Provisional Allocation / Open for Submission,"??? Territory: Staked via provisional RNUR ownership under an active upstream vacuum. Defensive zoning macro-allocation complete, awaiting script engineering specifications. Subject to absolute Upstream Authority hierarchy, the Eviction Clause, and automatic clean Set 2 relocation routing to eliminate runtime font rendering script pollution if conflicting native allocations emerge upstream.",NONE
1,U+FC000,U+FDFFF,PROVISIONAL_RNUR_OPEN_SLOT,NONE,Provisional Allocation / Open for Submission,"??? Territory: Staked via provisional RNUR ownership under an active upstream vacuum. Defensive zoning macro-allocation complete, awaiting script engineering specifications. Subject to absolute Upstream Authority hierarchy, the Eviction Clause, and automatic clean Set 2 relocation routing to eliminate runtime font rendering script pollution if conflicting native allocations emerge upstream.",NONE
1,U+FF200,U+FF27F,PROVISIONAL_RNUR_OPEN_SLOT,NONE,Provisional Allocation / Open for Submission,"??? Territory: Staked via provisional RNUR ownership under an active upstream vacuum. Defensive zoning macro-allocation complete, awaiting script engineering specifications. Subject to absolute Upstream Authority hierarchy, the Eviction Clause, and automatic clean Set 2 relocation routing to eliminate runtime font rendering script pollution if conflicting native allocations emerge upstream.",NONE
1,U+FF2A0,U+FF2BF,PROVISIONAL_RNUR_OPEN_SLOT,NONE,Provisional Allocation / Open for Submission,"??? Territory: Staked via provisional RNUR ownership under an active upstream vacuum. Defensive zoning macro-allocation complete, awaiting script engineering specifications. Subject to absolute Upstream Authority hierarchy, the Eviction Clause, and automatic clean Set 2 relocation routing to eliminate runtime font rendering script pollution if conflicting native allocations emerge upstream.",NONE
1,U+FF700,U+FF9FF,Control Pictures Extended-II,SPUCE,SPUCE Allocation,"SPUCE-2 Allocation: Control Pictures Extended-II. Mapped within Plane 15 (SPUA-A) under the Shared Private Use Character Encoding. Soon going to be encoded in Plane 16.",SPUCE
1,U+FFE00,U+FFEFF,PROVISIONAL_RNUR_OPEN_SLOT,NONE,Provisional Allocation / Open for Submission,"??? Territory: Staked via provisional RNUR ownership under an active upstream vacuum. Defensive zoning macro-allocation complete, awaiting script engineering specifications. Subject to absolute Upstream Authority hierarchy, the Eviction Clause, and automatic clean Set 2 relocation routing to eliminate runtime font rendering script pollution if conflicting native allocations emerge upstream.",NONE
1,U+100000,U+10FFEF,PROVISIONAL_RNUR_OPEN_SLOT,NONE,Provisional Allocation / Open for Submission,"??? Territory: Staked via provisional RNUR ownership under an active upstream vacuum. Defensive zoning macro-allocation complete, awaiting script engineering specifications. Subject to absolute Upstream Authority hierarchy, the Eviction Clause, and automatic clean Set 2 relocation routing to eliminate runtime font rendering script pollution if conflicting native allocations emerge upstream.",NONE
